ID, block, elementID, element UUID, linked transactions ID, initial clock value, final clock value, duration, attributes, actions
0, Alarm_actuator_driver,225, b33b88e5-3d2e-43fd-bd66-19e471c5ae1b, null,0,0,0, null, null
1, Pressure_sensor_driver,241, 458b90ed-c6ea-4256-931a-9a6e4018b093, null,0,0,0, 0 0 , null
2, Alarm_monitor,264, af34155b-c5ad-4f75-a4e3-1862f8672dce, null,0,0,0, 60 0 , null
3, Main_ALG,282, 06a306e7-71a3-4cef-bacd-0ab128f9eb27, null,0,0,0, 20 0 , null
4, Timer__psensor_pull_time__Pressure_sensor_driver,306, bb641bd7-74f2-4406-9a76-66e63b2a418f, null,0,0,0,0, null
5, Timer__alarm_timer__Alarm_monitor,345, a31b73b3-28cb-4c75-b24e-f5ec68016305, null,0,0,0,0, null
6, Alarm_actuator_driver,226, d570296c-93c1-4c92-a033-c756742707c1, null,0,0,0, null, null
7, Alarm_actuator_driver,224, 4aaa5e97-518e-4a8f-9146-d84e5bca8aca, null,0,0,0, null, null
8, Pressure_sensor_driver,250, 80a6b340-f41e-47cc-ae03-30e9616937a5, null,0,0,0, 0 0 , null
9, Pressure_sensor_driver,240, 1bb7f85b-a800-4148-8840-7c46974993bf, null,0,0,0, 0 0 , null
10, Pressure_sensor_driver,249, 4b0bcabe-b930-45bf-b499-3848a00dcffb, null,0,0,0, 0 0 , null
11, Pressure_sensor_driver,239, eb769464-a007-4e19-846e-e53b6a346c23, null,0,0,0, 0 0 , null
12, Alarm_monitor,272, 9cf47914-01fe-49c4-b7a6-5e9814a3cc69, null,0,0,0, 60 0 , null
13, Main_ALG,294, 77de7345-a5fc-4785-8c77-673d25299e85, null,0,0,0, 20 0 , null
14, Timer__psensor_pull_time__Pressure_sensor_driver,314, bb641bd7-74f2-4406-9a76-66e63b2a418f, null,0,0,0,0, null
15, Timer__psensor_pull_time__Pressure_sensor_driver,307, bb641bd7-74f2-4406-9a76-66e63b2a418f, null,0,0,0,0, null
16, Timer__alarm_timer__Alarm_monitor,353, a31b73b3-28cb-4c75-b24e-f5ec68016305, null,0,0,0,0, null
17, Timer__alarm_timer__Alarm_monitor,346, a31b73b3-28cb-4c75-b24e-f5ec68016305, null,0,0,0,0, null
18, Pressure_sensor_driver,248, 9f80b210-3f16-4df1-b96c-c315531c872e, null,0,0,0, 0 0 , null
19, Pressure_sensor_driver,238, e4c1c006-689e-4af0-992c-021d8c62318a, null,0,0,0, 18 0 , action#0: pVal = 18 
20, Pressure_sensor_driver,247, 36595ffb-0b3f-471c-88c9-11b01af298b1, null,0,0,0, 18 0 , null
21, Alarm_monitor,260, d3e255fd-4fc9-486d-a42f-42ea5bcaa187,23,0,0,0, 60 0 , null
22, Alarm_actuator_driver,231, 9d5b2d48-69d3-4ebe-a4e0-ebf7f9183ba8, null,0,0,0, null, null
23, Alarm_actuator_driver,222, c4ce1e9e-b5f6-4394-a813-47aac61b7241,21,0,0,0, null, null
24, Alarm_actuator_driver,229, 79e28b23-2243-449b-9a88-ed52d0c448b6, null,0,0,0, null, null
25, Alarm_actuator_driver,220, 370d6f88-896b-46ec-a4a8-55732ef7a7e1, null,0,0,0, null, null
26, Alarm_monitor,271, d02cad3a-b822-493e-858b-2055333d4bdc, null,0,0,0, 60 0 , null
27, Alarm_actuator_driver,227, ec8d86d0-ddac-4b80-b616-9586d4550f94, null,0,0,0, null, null
28, Alarm_actuator_driver,224, 4aaa5e97-518e-4a8f-9146-d84e5bca8aca, null,0,0,0, null, null
29, Alarm_monitor,263, 09a4e5a3-14af-49d6-9a6b-757245410454, null,0,0,0, 60 0 , null
30, Pressure_sensor_driver,237, 67d2c573-cfea-496c-939b-e42c96633f28,31,0,0,0, 18 0 , null
31, Main_ALG,281, 5f84b859-c899-46c7-9d45-aa1f027a6921,30,0,0,0, 20 18 , action#0: 18 
32, Main_ALG,293, 6416f597-4d24-4751-9190-6c63afb13c17, null,0,0,0, 20 18 , null
33, Main_ALG,280, 8eeec472-2595-476a-83bb-0745a78fadac, null,0,0,0, 20 18 , null
34, Main_ALG,292, 0e6c2693-b136-436a-8cdf-43233c7f4e64, null,0,0,0, 20 18 , null
35, Main_ALG,279, 8f1bdb6e-aef4-4946-9e62-329f25024331, null,0,0,0, 20 18 , null
36, Pressure_sensor_driver,246, 43e56711-4e09-4d71-b18d-c2545e55995a, null,0,0,0, 18 100 , action#0: __timerValue = 100 
37, Pressure_sensor_driver,329, 48cb5094-ea46-46ee-a50f-f806dbf4d496,39,0,0,0, 18 100 , null
38, Timer__psensor_pull_time__Pressure_sensor_driver,315, bb641bd7-74f2-4406-9a76-66e63b2a418f, null,0,0,0,0, null
39, Timer__psensor_pull_time__Pressure_sensor_driver,309, null,37,0,0,0,100, action#0: 100 
40, Timer__psensor_pull_time__Pressure_sensor_driver,316, bb641bd7-74f2-4406-9a76-66e63b2a418f, null,0,0,0,100, null
41, Pressure_sensor_driver,245, def7d6ff-86ee-4fb6-9aab-22db6d299d61, null,0,0,0, 18 100 , null
42, Timer__psensor_pull_time__Pressure_sensor_driver,308, bb641bd7-74f2-4406-9a76-66e63b2a418f, null,0,0,0,100, null
43, Pressure_sensor_driver,235, cda18efa-11cb-442c-a987-75322ce1cce6, null,0,0,0, 18 100 , null
44, Timer__psensor_pull_time__Pressure_sensor_driver,319, bb641bd7-74f2-4406-9a76-66e63b2a418f, null,0,100,100,100, null
45, Timer__psensor_pull_time__Pressure_sensor_driver,313, null,47,100,100,100,100, null
46, Pressure_sensor_driver,244, d52bb869-f41a-45a4-ba91-1fea621bea99, null,0,100,0, 18 100 , null
47, Pressure_sensor_driver,328, a57aa581-6456-4f4a-873f-1864d5545c69,45,100,100,0, 18 100 , null
48, Timer__psensor_pull_time__Pressure_sensor_driver,320, bb641bd7-74f2-4406-9a76-66e63b2a418f, null,100,100,0,100, null
49, Timer__psensor_pull_time__Pressure_sensor_driver,307, bb641bd7-74f2-4406-9a76-66e63b2a418f, null,100,100,0,100, null
50, Pressure_sensor_driver,243, 3e494da3-c897-469d-9fcf-bbc09da1c30c, null,100,100,0, 18 100 , null
51, Pressure_sensor_driver,327, 4c6ba746-4965-476c-bb9c-d40a64d53edb,53,100,100,0, 18 100 , null
52, Timer__psensor_pull_time__Pressure_sensor_driver,321, bb641bd7-74f2-4406-9a76-66e63b2a418f, null,100,100,0,100, null
53, Timer__psensor_pull_time__Pressure_sensor_driver,311, null,51,100,100,0,100, null
54, Pressure_sensor_driver,242, d3893286-cb0e-48c1-9118-005505d4a21f, null,100,100,0, 18 100 , null
55, Timer__psensor_pull_time__Pressure_sensor_driver,322, bb641bd7-74f2-4406-9a76-66e63b2a418f, null,100,100,0,100, null
56, Pressure_sensor_driver,239, eb769464-a007-4e19-846e-e53b6a346c23, null,100,100,0, 18 100 , null
57, Timer__psensor_pull_time__Pressure_sensor_driver,307, bb641bd7-74f2-4406-9a76-66e63b2a418f, null,100,100,0,100, null
58, Pressure_sensor_driver,248, 9f80b210-3f16-4df1-b96c-c315531c872e, null,100,100,0, 18 100 , null
59, Pressure_sensor_driver,238, e4c1c006-689e-4af0-992c-021d8c62318a, null,100,100,0, 17 100 , action#0: pVal = 17 
60, Pressure_sensor_driver,247, 36595ffb-0b3f-471c-88c9-11b01af298b1, null,100,100,0, 17 100 , null
61, Pressure_sensor_driver,237, 67d2c573-cfea-496c-939b-e42c96633f28,63,100,100,0, 17 100 , null
62, Main_ALG,289, 87b1820a-52da-42df-8107-26b33f3cfa22, null,0,100,0, 20 18 , null
63, Main_ALG,278, 7330bc8d-1b3a-4eb2-ac2c-e258ccd36bee,61,100,100,0, 20 17 , action#0: 17 
64, Main_ALG,288, 69350ec6-4b32-4b7c-9e06-67b75940f865, null,100,100,0, 20 17 , null
65, Main_ALG,280, 8eeec472-2595-476a-83bb-0745a78fadac, null,100,100,0, 20 17 , null
66, Main_ALG,292, 0e6c2693-b136-436a-8cdf-43233c7f4e64, null,100,100,0, 20 17 , null
67, Main_ALG,279, 8f1bdb6e-aef4-4946-9e62-329f25024331, null,100,100,0, 20 17 , null
68, Pressure_sensor_driver,246, 43e56711-4e09-4d71-b18d-c2545e55995a, null,100,100,0, 17 100 , action#0: __timerValue = 100 
69, Pressure_sensor_driver,329, 48cb5094-ea46-46ee-a50f-f806dbf4d496,71,100,100,0, 17 100 , null
70, Timer__psensor_pull_time__Pressure_sensor_driver,315, bb641bd7-74f2-4406-9a76-66e63b2a418f, null,100,100,0,100, null
71, Timer__psensor_pull_time__Pressure_sensor_driver,309, null,69,100,100,0,100, action#0: 100 
72, Pressure_sensor_driver,245, def7d6ff-86ee-4fb6-9aab-22db6d299d61, null,100,100,0, 17 100 , null
73, Pressure_sensor_driver,235, cda18efa-11cb-442c-a987-75322ce1cce6, null,100,100,0, 17 100 , null
74, Timer__psensor_pull_time__Pressure_sensor_driver,316, bb641bd7-74f2-4406-9a76-66e63b2a418f, null,100,100,0,100, null
75, Timer__psensor_pull_time__Pressure_sensor_driver,308, bb641bd7-74f2-4406-9a76-66e63b2a418f, null,100,100,0,100, null
76, Timer__psensor_pull_time__Pressure_sensor_driver,319, bb641bd7-74f2-4406-9a76-66e63b2a418f, null,100,200,100,100, null
77, Timer__psensor_pull_time__Pressure_sensor_driver,313, null,79,200,200,100,100, null
78, Pressure_sensor_driver,244, d52bb869-f41a-45a4-ba91-1fea621bea99, null,100,200,0, 17 100 , null
79, Pressure_sensor_driver,328, a57aa581-6456-4f4a-873f-1864d5545c69,77,200,200,0, 17 100 , null
80, Timer__psensor_pull_time__Pressure_sensor_driver,320, bb641bd7-74f2-4406-9a76-66e63b2a418f, null,200,200,0,100, null
81, Pressure_sensor_driver,243, 3e494da3-c897-469d-9fcf-bbc09da1c30c, null,200,200,0, 17 100 , null
82, Timer__psensor_pull_time__Pressure_sensor_driver,307, bb641bd7-74f2-4406-9a76-66e63b2a418f, null,200,200,0,100, null
83, Pressure_sensor_driver,327, 4c6ba746-4965-476c-bb9c-d40a64d53edb,85,200,200,0, 17 100 , null
84, Timer__psensor_pull_time__Pressure_sensor_driver,321, bb641bd7-74f2-4406-9a76-66e63b2a418f, null,200,200,0,100, null
85, Timer__psensor_pull_time__Pressure_sensor_driver,311, null,83,200,200,0,100, null
86, Timer__psensor_pull_time__Pressure_sensor_driver,322, bb641bd7-74f2-4406-9a76-66e63b2a418f, null,200,200,0,100, null
87, Pressure_sensor_driver,242, d3893286-cb0e-48c1-9118-005505d4a21f, null,200,200,0, 17 100 , null
88, Pressure_sensor_driver,239, eb769464-a007-4e19-846e-e53b6a346c23, null,200,200,0, 17 100 , null
89, Timer__psensor_pull_time__Pressure_sensor_driver,307, bb641bd7-74f2-4406-9a76-66e63b2a418f, null,200,200,0,100, null
90, Pressure_sensor_driver,248, 9f80b210-3f16-4df1-b96c-c315531c872e, null,200,200,0, 17 100 , null
91, Pressure_sensor_driver,238, e4c1c006-689e-4af0-992c-021d8c62318a, null,200,200,0, 15 100 , action#0: pVal = 15 
92, Pressure_sensor_driver,247, 36595ffb-0b3f-471c-88c9-11b01af298b1, null,200,200,0, 15 100 , null
93, Pressure_sensor_driver,237, 67d2c573-cfea-496c-939b-e42c96633f28,95,200,200,0, 15 100 , null
94, Main_ALG,289, 87b1820a-52da-42df-8107-26b33f3cfa22, null,100,200,0, 20 17 , null
95, Main_ALG,278, 7330bc8d-1b3a-4eb2-ac2c-e258ccd36bee,93,200,200,0, 20 15 , action#0: 15 
96, Main_ALG,288, 69350ec6-4b32-4b7c-9e06-67b75940f865, null,200,200,0, 20 15 , null
97, Main_ALG,280, 8eeec472-2595-476a-83bb-0745a78fadac, null,200,200,0, 20 15 , null
98, Main_ALG,292, 0e6c2693-b136-436a-8cdf-43233c7f4e64, null,200,200,0, 20 15 , null
99, Main_ALG,279, 8f1bdb6e-aef4-4946-9e62-329f25024331, null,200,200,0, 20 15 , null
100, Pressure_sensor_driver,246, 43e56711-4e09-4d71-b18d-c2545e55995a, null,200,200,0, 15 100 , action#0: __timerValue = 100 
101, Pressure_sensor_driver,329, 48cb5094-ea46-46ee-a50f-f806dbf4d496,103,200,200,0, 15 100 , null
102, Timer__psensor_pull_time__Pressure_sensor_driver,315, bb641bd7-74f2-4406-9a76-66e63b2a418f, null,200,200,0,100, null
103, Timer__psensor_pull_time__Pressure_sensor_driver,309, null,101,200,200,0,100, action#0: 100 
104, Pressure_sensor_driver,245, def7d6ff-86ee-4fb6-9aab-22db6d299d61, null,200,200,0, 15 100 , null
105, Pressure_sensor_driver,235, cda18efa-11cb-442c-a987-75322ce1cce6, null,200,200,0, 15 100 , null
106, Timer__psensor_pull_time__Pressure_sensor_driver,316, bb641bd7-74f2-4406-9a76-66e63b2a418f, null,200,200,0,100, null
107, Timer__psensor_pull_time__Pressure_sensor_driver,308, bb641bd7-74f2-4406-9a76-66e63b2a418f, null,200,200,0,100, null
108, Timer__psensor_pull_time__Pressure_sensor_driver,319, bb641bd7-74f2-4406-9a76-66e63b2a418f, null,200,300,100,100, null
109, Timer__psensor_pull_time__Pressure_sensor_driver,313, null,111,300,300,100,100, null
110, Pressure_sensor_driver,244, d52bb869-f41a-45a4-ba91-1fea621bea99, null,200,300,0, 15 100 , null
111, Pressure_sensor_driver,328, a57aa581-6456-4f4a-873f-1864d5545c69,109,300,300,0, 15 100 , null
112, Timer__psensor_pull_time__Pressure_sensor_driver,320, bb641bd7-74f2-4406-9a76-66e63b2a418f, null,300,300,0,100, null
113, Pressure_sensor_driver,243, 3e494da3-c897-469d-9fcf-bbc09da1c30c, null,300,300,0, 15 100 , null
114, Timer__psensor_pull_time__Pressure_sensor_driver,307, bb641bd7-74f2-4406-9a76-66e63b2a418f, null,300,300,0,100, null
115, Pressure_sensor_driver,327, 4c6ba746-4965-476c-bb9c-d40a64d53edb,117,300,300,0, 15 100 , null
116, Timer__psensor_pull_time__Pressure_sensor_driver,321, bb641bd7-74f2-4406-9a76-66e63b2a418f, null,300,300,0,100, null
117, Timer__psensor_pull_time__Pressure_sensor_driver,311, null,115,300,300,0,100, null
118, Timer__psensor_pull_time__Pressure_sensor_driver,322, bb641bd7-74f2-4406-9a76-66e63b2a418f, null,300,300,0,100, null
119, Timer__psensor_pull_time__Pressure_sensor_driver,307, bb641bd7-74f2-4406-9a76-66e63b2a418f, null,300,300,0,100, null
120, Pressure_sensor_driver,242, d3893286-cb0e-48c1-9118-005505d4a21f, null,300,300,0, 15 100 , null
121, Pressure_sensor_driver,239, eb769464-a007-4e19-846e-e53b6a346c23, null,300,300,0, 15 100 , null
122, Pressure_sensor_driver,248, 9f80b210-3f16-4df1-b96c-c315531c872e, null,300,300,0, 15 100 , null
123, Pressure_sensor_driver,238, e4c1c006-689e-4af0-992c-021d8c62318a, null,300,300,0, 18 100 , action#0: pVal = 18 
124, Pressure_sensor_driver,247, 36595ffb-0b3f-471c-88c9-11b01af298b1, null,300,300,0, 18 100 , null
125, Pressure_sensor_driver,237, 67d2c573-cfea-496c-939b-e42c96633f28,127,300,300,0, 18 100 , null
126, Main_ALG,289, 87b1820a-52da-42df-8107-26b33f3cfa22, null,200,300,0, 20 15 , null
127, Main_ALG,278, 7330bc8d-1b3a-4eb2-ac2c-e258ccd36bee,125,300,300,0, 20 18 , action#0: 18 
128, Main_ALG,288, 69350ec6-4b32-4b7c-9e06-67b75940f865, null,300,300,0, 20 18 , null
129, Main_ALG,280, 8eeec472-2595-476a-83bb-0745a78fadac, null,300,300,0, 20 18 , null
130, Main_ALG,292, 0e6c2693-b136-436a-8cdf-43233c7f4e64, null,300,300,0, 20 18 , null
131, Main_ALG,279, 8f1bdb6e-aef4-4946-9e62-329f25024331, null,300,300,0, 20 18 , null
132, Pressure_sensor_driver,246, 43e56711-4e09-4d71-b18d-c2545e55995a, null,300,300,0, 18 100 , action#0: __timerValue = 100 
133, Pressure_sensor_driver,329, 48cb5094-ea46-46ee-a50f-f806dbf4d496,135,300,300,0, 18 100 , null
134, Timer__psensor_pull_time__Pressure_sensor_driver,315, bb641bd7-74f2-4406-9a76-66e63b2a418f, null,300,300,0,100, null
135, Timer__psensor_pull_time__Pressure_sensor_driver,309, null,133,300,300,0,100, action#0: 100 
136, Pressure_sensor_driver,245, def7d6ff-86ee-4fb6-9aab-22db6d299d61, null,300,300,0, 18 100 , null
137, Timer__psensor_pull_time__Pressure_sensor_driver,316, bb641bd7-74f2-4406-9a76-66e63b2a418f, null,300,300,0,100, null
138, Pressure_sensor_driver,235, cda18efa-11cb-442c-a987-75322ce1cce6, null,300,300,0, 18 100 , null
139, Timer__psensor_pull_time__Pressure_sensor_driver,308, bb641bd7-74f2-4406-9a76-66e63b2a418f, null,300,300,0,100, null
140, Timer__psensor_pull_time__Pressure_sensor_driver,319, bb641bd7-74f2-4406-9a76-66e63b2a418f, null,300,400,100,100, null
141, Timer__psensor_pull_time__Pressure_sensor_driver,313, null,143,400,400,100,100, null
142, Pressure_sensor_driver,244, d52bb869-f41a-45a4-ba91-1fea621bea99, null,300,400,0, 18 100 , null
143, Pressure_sensor_driver,328, a57aa581-6456-4f4a-873f-1864d5545c69,141,400,400,0, 18 100 , null
144, Pressure_sensor_driver,243, 3e494da3-c897-469d-9fcf-bbc09da1c30c, null,400,400,0, 18 100 , null
145, Timer__psensor_pull_time__Pressure_sensor_driver,320, bb641bd7-74f2-4406-9a76-66e63b2a418f, null,400,400,0,100, null
146, Timer__psensor_pull_time__Pressure_sensor_driver,307, bb641bd7-74f2-4406-9a76-66e63b2a418f, null,400,400,0,100, null
147, Pressure_sensor_driver,327, 4c6ba746-4965-476c-bb9c-d40a64d53edb,149,400,400,0, 18 100 , null
148, Timer__psensor_pull_time__Pressure_sensor_driver,321, bb641bd7-74f2-4406-9a76-66e63b2a418f, null,400,400,0,100, null
149, Timer__psensor_pull_time__Pressure_sensor_driver,311, null,147,400,400,0,100, null
150, Timer__psensor_pull_time__Pressure_sensor_driver,322, bb641bd7-74f2-4406-9a76-66e63b2a418f, null,400,400,0,100, null
151, Pressure_sensor_driver,242, d3893286-cb0e-48c1-9118-005505d4a21f, null,400,400,0, 18 100 , null
152, Timer__psensor_pull_time__Pressure_sensor_driver,307, bb641bd7-74f2-4406-9a76-66e63b2a418f, null,400,400,0,100, null
153, Pressure_sensor_driver,239, eb769464-a007-4e19-846e-e53b6a346c23, null,400,400,0, 18 100 , null
154, Pressure_sensor_driver,248, 9f80b210-3f16-4df1-b96c-c315531c872e, null,400,400,0, 18 100 , null
155, Pressure_sensor_driver,238, e4c1c006-689e-4af0-992c-021d8c62318a, null,400,400,0, 24 100 , action#0: pVal = 24 
156, Pressure_sensor_driver,247, 36595ffb-0b3f-471c-88c9-11b01af298b1, null,400,400,0, 24 100 , null
157, Pressure_sensor_driver,237, 67d2c573-cfea-496c-939b-e42c96633f28,159,400,400,0, 24 100 , null
158, Main_ALG,289, 87b1820a-52da-42df-8107-26b33f3cfa22, null,300,400,0, 20 18 , null
159, Main_ALG,278, 7330bc8d-1b3a-4eb2-ac2c-e258ccd36bee,157,400,400,0, 20 24 , action#0: 24 
160, Main_ALG,288, 69350ec6-4b32-4b7c-9e06-67b75940f865, null,400,400,0, 20 24 , null
161, Main_ALG,280, 8eeec472-2595-476a-83bb-0745a78fadac, null,400,400,0, 20 24 , null
162, Main_ALG,292, 0e6c2693-b136-436a-8cdf-43233c7f4e64, null,400,400,0, 20 24 , null
163, Main_ALG,279, 8f1bdb6e-aef4-4946-9e62-329f25024331, null,400,400,0, 20 24 , null
164, Pressure_sensor_driver,246, 43e56711-4e09-4d71-b18d-c2545e55995a, null,400,400,0, 24 100 , action#0: __timerValue = 100 
165, Main_ALG,284, f5b1ad85-9fd8-4a24-b75c-7c566c619976, null,400,400,0, 20 24 , null
166, Main_ALG,276, 4b8c2a05-ff38-448d-9f2b-3640c01828d0,168,400,400,0, 20 24 , null
167, Alarm_monitor,270, 8c7a3337-09bf-44c2-96f6-b35fa32cfb49, null,0,400,0, 60 0 , null
168, Alarm_monitor,262, cea37206-ea0d-4b2d-ae90-7587fcd00566,166,400,400,0, 60 0 , null
169, Alarm_monitor,275, 8d18955a-31b6-4738-b231-2c9fdc251af1, null,400,400,0, 60 0 , null
170, Main_ALG,283, 914281fa-283b-4273-85e2-46647f033e12, null,400,400,0, 20 24 , null
171, Alarm_monitor,261, ac6f96f3-6c02-4410-96eb-9131ef5dfad5, null,400,400,0, 60 0 , null
172, Alarm_monitor,274, ad9ad147-cdc1-4a58-a98e-c4493ed12ff3, null,400,400,0, 60 0 , null
173, Alarm_monitor,259, 5546c65c-b606-4147-b643-c1e187f2f754,175,400,400,0, 60 0 , null
174, Alarm_actuator_driver,232, 55ab8451-6d7c-4053-9e45-b31ef5e69cc0, null,0,400,0, null, null
175, Alarm_actuator_driver,223, 006b7748-1eba-44e2-ae5b-36b81cd381b3,173,400,400,0, null, null
176, Alarm_actuator_driver,230, b2a5c09b-ef02-4027-8f35-cf459411a222, null,400,400,0, null, null
177, Alarm_actuator_driver,221, b891dae7-40b8-4975-a019-77fca99aa932, null,400,400,0, null, null
178, Alarm_actuator_driver,228, 048f79f7-98a6-4356-8052-f34fff0694fa, null,400,400,0, null, null
179, Alarm_actuator_driver,224, 4aaa5e97-518e-4a8f-9146-d84e5bca8aca, null,400,400,0, null, null
180, Pressure_sensor_driver,329, 48cb5094-ea46-46ee-a50f-f806dbf4d496,182,400,400,0, 24 100 , null
181, Timer__psensor_pull_time__Pressure_sensor_driver,315, bb641bd7-74f2-4406-9a76-66e63b2a418f, null,400,400,0,100, null
182, Timer__psensor_pull_time__Pressure_sensor_driver,309, null,180,400,400,0,100, action#0: 100 
183, Pressure_sensor_driver,245, def7d6ff-86ee-4fb6-9aab-22db6d299d61, null,400,400,0, 24 100 , null
184, Timer__psensor_pull_time__Pressure_sensor_driver,316, bb641bd7-74f2-4406-9a76-66e63b2a418f, null,400,400,0,100, null
185, Pressure_sensor_driver,235, cda18efa-11cb-442c-a987-75322ce1cce6, null,400,400,0, 24 100 , null
186, Timer__psensor_pull_time__Pressure_sensor_driver,308, bb641bd7-74f2-4406-9a76-66e63b2a418f, null,400,400,0,100, null
187, Alarm_monitor,273, 1fe4a910-58de-4cd1-bbd5-254ceb2ee846, null,400,400,0, 60 60 , action#0: __timerValue = 60 
188, Alarm_monitor,368, bc4cf50a-d9db-4996-9772-67ba52f18d20,190,400,400,0, 60 60 , null
189, Timer__alarm_timer__Alarm_monitor,354, a31b73b3-28cb-4c75-b24e-f5ec68016305, null,0,400,0,0, null
190, Timer__alarm_timer__Alarm_monitor,348, null,188,400,400,0,60, action#0: 60 
191, Alarm_monitor,269, e204a49c-ad87-4d60-b20e-d0a653cd666b, null,400,400,0, 60 60 , null
192, Timer__alarm_timer__Alarm_monitor,355, a31b73b3-28cb-4c75-b24e-f5ec68016305, null,400,400,0,60, null
193, Timer__alarm_timer__Alarm_monitor,347, a31b73b3-28cb-4c75-b24e-f5ec68016305, null,400,400,0,60, null
194, Alarm_monitor,257, ff495c48-b111-4355-a6e3-e1c69cdf9b9b, null,400,400,0, 60 60 , null
195, Timer__alarm_timer__Alarm_monitor,358, a31b73b3-28cb-4c75-b24e-f5ec68016305, null,400,460,60,60, null
196, Timer__alarm_timer__Alarm_monitor,352, null,198,460,460,60,60, null
197, Alarm_monitor,268, afac2876-c19e-4b39-becb-ee0104877abe, null,400,460,0, 60 60 , null
198, Alarm_monitor,367, 9a70b8a9-6e42-40f9-8027-0756ccb4a006,196,460,460,0, 60 60 , null
199, Timer__alarm_timer__Alarm_monitor,359, a31b73b3-28cb-4c75-b24e-f5ec68016305, null,460,460,0,60, null
200, Alarm_monitor,267, cf5d282e-a5af-4173-ae6b-d476ff6beeb5, null,460,460,0, 60 60 , null
201, Timer__alarm_timer__Alarm_monitor,346, a31b73b3-28cb-4c75-b24e-f5ec68016305, null,460,460,0,60, null
202, Alarm_monitor,366, 35af01f9-ddde-41f5-b94b-7e776b5c62da,204,460,460,0, 60 60 , null
203, Timer__alarm_timer__Alarm_monitor,360, a31b73b3-28cb-4c75-b24e-f5ec68016305, null,460,460,0,60, null
204, Timer__alarm_timer__Alarm_monitor,350, null,202,460,460,0,60, null
205, Alarm_monitor,266, cd7a54aa-f15f-4ff9-99be-6107696672d7, null,460,460,0, 60 60 , null
206, Timer__alarm_timer__Alarm_monitor,361, a31b73b3-28cb-4c75-b24e-f5ec68016305, null,460,460,0,60, null
207, Timer__alarm_timer__Alarm_monitor,346, a31b73b3-28cb-4c75-b24e-f5ec68016305, null,460,460,0,60, null
208, Alarm_monitor,254, 97af89f1-280e-4eb3-9eb6-99625dd16b25,210,460,460,0, 60 60 , null
209, Alarm_actuator_driver,231, 9d5b2d48-69d3-4ebe-a4e0-ebf7f9183ba8, null,400,460,0, null, null
210, Alarm_actuator_driver,222, c4ce1e9e-b5f6-4394-a813-47aac61b7241,208,460,460,0, null, null
211, Alarm_actuator_driver,229, 79e28b23-2243-449b-9a88-ed52d0c448b6, null,460,460,0, null, null
212, Alarm_monitor,265, 6d7256cc-8647-4a4d-8db8-86d0dfc88e14, null,460,460,0, 60 60 , null
213, Alarm_monitor,263, 09a4e5a3-14af-49d6-9a6b-757245410454, null,460,460,0, 60 60 , null
214, Alarm_actuator_driver,220, 370d6f88-896b-46ec-a4a8-55732ef7a7e1, null,460,460,0, null, null
215, Alarm_actuator_driver,227, ec8d86d0-ddac-4b80-b616-9586d4550f94, null,460,460,0, null, null
216, Alarm_actuator_driver,224, 4aaa5e97-518e-4a8f-9146-d84e5bca8aca, null,460,460,0, null, null
217, Timer__psensor_pull_time__Pressure_sensor_driver,319, bb641bd7-74f2-4406-9a76-66e63b2a418f, null,400,500,100,100, null
218, Timer__psensor_pull_time__Pressure_sensor_driver,313, null,220,500,500,100,100, null
219, Pressure_sensor_driver,244, d52bb869-f41a-45a4-ba91-1fea621bea99, null,400,500,0, 24 100 , null
220, Pressure_sensor_driver,328, a57aa581-6456-4f4a-873f-1864d5545c69,218,500,500,0, 24 100 , null
221, Timer__psensor_pull_time__Pressure_sensor_driver,320, bb641bd7-74f2-4406-9a76-66e63b2a418f, null,500,500,0,100, null
222, Timer__psensor_pull_time__Pressure_sensor_driver,307, bb641bd7-74f2-4406-9a76-66e63b2a418f, null,500,500,0,100, null
223, Pressure_sensor_driver,243, 3e494da3-c897-469d-9fcf-bbc09da1c30c, null,500,500,0, 24 100 , null
224, Pressure_sensor_driver,327, 4c6ba746-4965-476c-bb9c-d40a64d53edb,226,500,500,0, 24 100 , null
225, Timer__psensor_pull_time__Pressure_sensor_driver,321, bb641bd7-74f2-4406-9a76-66e63b2a418f, null,500,500,0,100, null
226, Timer__psensor_pull_time__Pressure_sensor_driver,311, null,224,500,500,0,100, null
227, Pressure_sensor_driver,242, d3893286-cb0e-48c1-9118-005505d4a21f, null,500,500,0, 24 100 , null
228, Pressure_sensor_driver,239, eb769464-a007-4e19-846e-e53b6a346c23, null,500,500,0, 24 100 , null
229, Timer__psensor_pull_time__Pressure_sensor_driver,322, bb641bd7-74f2-4406-9a76-66e63b2a418f, null,500,500,0,100, null
230, Timer__psensor_pull_time__Pressure_sensor_driver,307, bb641bd7-74f2-4406-9a76-66e63b2a418f, null,500,500,0,100, null
231, Pressure_sensor_driver,248, 9f80b210-3f16-4df1-b96c-c315531c872e, null,500,500,0, 24 100 , null
232, Pressure_sensor_driver,238, e4c1c006-689e-4af0-992c-021d8c62318a, null,500,500,0, 22 100 , action#0: pVal = 22 
233, Pressure_sensor_driver,247, 36595ffb-0b3f-471c-88c9-11b01af298b1, null,500,500,0, 22 100 , null
